Episode,Loss
1,nan
2,nan
3,6.910541193825858
4,6.090108019113541
5,5.2939498765128
6,6.894036746025085
7,5.7279909304950545
8,5.691176903247833
9,8.343321058485243
10,7.28914449765132
11,9.009645024935404
12,7.915615153312683
13,5.249913001060486
14,5.37999728653166
15,6.83617244336916
16,7.485363040651594
17,6.434779071807862
18,9.206557035446167
19,8.154489343816584
20,9.66839394569397
21,9.333990955352784
22,10.657690614461899
23,9.923246065775553
24,13.008804908165565
25,12.803948879241943
26,14.292401288685046
27,14.939637756347656
28,15.866665331522624
29,19.75945213862828
30,15.812151301990856
31,23.07584834098816
32,21.046257320203278
33,21.05228593614366
34,18.94238907950265
35,28.42765522003174
36,35.722621536254884
37,45.565070215861006
38,38.35854667166005
39,36.663737957294174
40,47.86467415945871
41,64.6396638696844
42,48.56097446169172
43,87.61417055130005
44,68.30171073566784
45,69.88847766203038
46,71.04465073552625
47,79.71167006859413
48,71.42221369062152
49,73.8311333656311
50,64.74709091186523
51,66.57888013666326
52,81.61321081433978
53,69.67700386047363
54,106.45425081253052
55,92.43647215101454
56,96.25865691048759
57,102.95416617393494
58,84.8582918267501
59,89.49325015328147
60,97.98838509453668
61,109.95472805316632
62,131.01550011012864
63,88.56855058670044
64,106.04505811418805
65,117.30995517306857
66,83.91086228688557
67,97.13924734933036
68,112.58613788380342
69,98.2371726989746
70,101.32841491699219
71,100.49554634094238
72,104.47510810520338
73,114.76330963134765
74,95.4278244972229
75,84.91273880004883
76,98.5108620779855
77,84.91154901604904
78,83.11358485502355
79,74.40099415026214
80,84.58660749955611
81,74.99090172262753
82,83.32874124700373
83,76.2732526143392
84,79.36504139619716
85,82.89408747355144
86,75.1201779683431
87,67.83331819014116
88,85.06273375617133
89,89.48804378509521
90,75.2625496273949
91,83.29755421688682
92,79.40620983348174
93,85.29527266820271
94,70.20259224284779
95,56.78504467010498
96,68.38623237609863
97,63.742657143729076
98,75.84713745117188
99,67.9640307706945
100,105.06063696054312
101,103.96437468895546
102,113.8551516532898
103,70.98530197143555
104,97.10064485337999
105,102.44523023522419
106,87.68656897544861
107,142.08859010176226
108,108.90795135498047
109,76.2912950515747
110,80.62245035171509
111,86.71347439289093
112,64.36463681856792
113,57.869311468941824
114,58.80045229593913
115,39.33801564303312
116,30.06505823135376
117,75.12449019295829
118,52.62385230594211
119,41.241091161966324
120,30.15212843153212
121,41.56700570242746
122,71.8822614034017
123,69.15004972311166
124,60.28043820307805
125,69.8124698751113
126,57.92001618279351
127,71.08776203309647
128,61.67076600116232
129,85.33155695597331
130,73.76838150024415
131,61.007063674926755
132,62.002938461303714
133,58.69074640775982
134,41.99590407477485
135,54.05591242653983
136,38.682378248734906
137,64.04039494196574
138,62.2004181543986
139,53.7899801617577
140,90.4441955272968
141,82.17572433471679
142,54.33780336380005
143,77.27999087742397
144,74.36245434624809
145,85.72398432563332
146,66.08797924606888
147,60.39172832782452
148,81.29038350175067
149,75.04732689857482
150,73.65586641099718
151,82.50420188903809
152,170.13695355465538
153,105.84542289147011
154,96.69753542813388
155,109.66185735066732
156,140.09625473022462
157,125.01580512523651
158,113.96326704025269
159,125.20004421327172
160,168.63188379461116
161,138.87161352279338
162,109.45028991699219
163,121.77786083221436
164,109.35046066776398
165,148.7154342651367
166,162.19261483585134
167,154.65984377653703
168,207.5868385656556
169,259.84903717041016
170,295.6710624694824
171,317.38654490879605
172,480.6996551513672
173,619.5461866590712
174,528.5363533713601
175,538.0150929128887
176,464.020461138557
177,433.06368521488076
178,481.9128608703613
179,405.14414562898526
180,497.1016280230354
181,334.19505924373476
182,386.12727584838865
183,319.33783663236176
184,302.35191345214844
185,720.8314023699079
186,503.07785369873045
187,459.05952399117604
188,775.4076843261719
189,435.1689664400541
190,604.1377932391589
191,610.0110432017933
192,369.135255080003
193,668.7153086169012
194,645.2629761014666
195,563.4004283481174
196,663.0557644567757
197,581.7354809508032
198,574.7134286129113
199,347.845086517334
200,380.66834564208983
201,1258.4818256084736
202,315.2849655151367
203,649.8767790435463
204,564.4569234212239
205,458.53224283854166
206,642.6836865743002
207,560.8732332796664
208,492.37994838896253
209,487.3783954821135
210,596.4945475260416
211,459.03780526825875
212,523.3846364122757
213,330.1093785835035
214,517.1467773914337
215,449.66273853390715
216,539.3050822382388
217,381.39530600270916
218,503.5854383769788
219,609.8719202367271
220,487.5216995239258
221,380.3306064060756
222,420.01329803466797
223,586.0312864069354
224,554.0012685139974
225,546.1226260211017
226,596.0019416809082
227,492.9122556798598
228,488.0692722486413
229,517.4247776911809
230,438.5466793378194
231,460.6448031338778
232,1315.416727701823
233,460.34420831652653
234,504.31959243047805
235,585.9313980102539
236,676.338914717751
237,540.0422766963138
238,554.0215978622437
239,626.0749289194742
240,820.5301725968071
241,824.1506115722656
242,972.3275901531351
243,957.2342687146418
244,801.8216227213542
245,1077.1328997695655
246,858.5388471369158
247,1311.8056959364148
248,1176.0272281925852
249,1312.8681344985962
250,1618.3863641839278
251,1893.0094017615686
252,1630.890316772461
253,2381.3302889737215
254,2189.8685247247868
255,1945.0976094213024
256,2215.189803512008
257,3021.3912658691406
258,1779.682363799124
259,1521.0690474076705
260,1685.9044189453125
261,1794.7784099578857
262,2024.3554954528809
263,2464.681055877168
264,2130.9677896566322
265,3481.113515218099
266,2411.4800923665366
267,3882.319483870167
268,4803.676829944958
269,3265.8231834998496
270,3900.995657679546
271,3242.50966796875
272,3595.308916015625
273,2945.9497391550162
274,3806.6167188371933
275,4403.139862060547
276,4372.760400390625
277,3148.678555763374
278,3808.7505408393013
279,4990.169429591445
280,4217.582561624461
281,5001.276324333028
282,4287.022112165178
283,7376.2568359375
284,4826.894287109375
285,5060.029652913411
286,4800.567068684896
287,6379.513445172991
288,5673.132483849158
289,6998.844982612423
290,5528.76787109375
291,8245.019532606337
292,8129.063530815973
293,10219.7354375
294,9215.250168491417
295,9645.053954442343
296,9137.363121811224
297,8974.51139456327
298,10423.049348144532
299,11089.682026110197
300,9565.801895419034
301,10149.236127068014
302,10816.426912006578
303,10157.705105938488
304,11386.591511051829
305,13836.866821289062
306,10226.195706176757
307,13376.442789713541
308,12852.37013687626
309,13265.75169665404
310,16030.863525390625
311,12368.277110224184
312,11871.091766357422
313,13256.351895419035
314,16876.79057229882
315,15483.95791015625
316,14648.9118579193
317,10692.603766113281
318,15297.864908854166
319,9476.458316158938
320,10594.822817595108
321,8356.6557578125
322,7337.779225830078
323,7593.929904002063
324,7342.990234375
325,11395.90544577206
326,7804.231285652282
327,6815.870090060764
328,7947.005154079861
329,8989.478934151786
330,7341.465386775875
331,8826.812193447486
332,7886.861422119141
333,9074.406575520834
334,7661.300258056641
335,6367.831897806677
336,7406.1219482421875
337,5872.986539515054
338,5201.932106933594
339,4682.652206420898
340,10565.164676789314
341,6043.29365234375
342,15563.602844238281
343,13882.13950892857
344,11413.997802734375
345,16111.076509915865
346,9868.493262939453
347,9031.372118123372
348,8016.281044921875
349,9638.890080078125
350,7365.952815755209
351,9878.34325448008
352,7159.844260475852
353,11221.913534268466
354,19510.67543658088
355,15827.866908691407
356,11675.627328725961
357,13791.593138977722
358,9148.19571044922
359,7733.50729031033
360,12074.413104717549
361,9160.054016113281
362,14411.329354921976
363,11304.71484375
364,12426.824965324955
365,17286.33293359375
366,13520.63965625
367,13028.527064273232
368,11054.113960142202
369,22966.16647907839
370,13354.256130126952
371,8748.65326254475
372,10831.373982910156
373,6559.008949326591
374,5368.842068847656
375,3507.940705322266
376,4490.48642202524
377,4328.2707752046135
378,5131.601612670898
379,3623.470423522949
380,3221.423060119629
381,2961.4531068115234
382,2088.792101770453
383,2762.191249328613
384,4189.224092225771
385,7064.065412475586
386,5710.937659667969
387,6899.0020751953125
388,7072.706848144531
389,5750.31722063337
390,4959.026027513587
391,5110.582675509982
392,17406.50613064236
393,8387.141757698946
394,19755.91443980824
395,12022.21083577474
396,10497.52699425107
397,14029.832153320312
398,9243.799148858763
399,7275.020529052735
400,3994.425592651367
401,3091.5214454345705
402,3346.6605280095882
403,2200.3783991088867
404,892.7025833129883
405,1442.9172513427734
406,1135.9973720703124
407,5762.546701965332
408,2140.4096450805664
409,20505.98073577881
410,11294.455541992187
411,7834.557266235352
412,13974.040559314546
413,14044.065206776495
414,9070.21968725586
415,7487.950523925781
416,15845.348449707031
417,5256.936610630581
418,2061.7510375976562
419,6922.474487243652
420,4210.750854125977
421,2117.4911210493606
422,6401.018385145399
423,4649.1003011067705
424,2242.1980895996094
425,5032.407391837473
426,7803.1205647786455
427,2482.41837310791
428,3977.9045882568357
429,2692.5846065673827
430,2956.3736435546875
431,2797.7930423583985
432,830.745394317627
433,927.5346049804688
434,911.2685950075019
435,5143.408496856689
436,763.136982310902
437,25580.478302001953
438,5522.552447979267
439,6608.045254516602
440,18619.45665394176
441,6950.872994559152
442,35096.29871544471
443,30179.390559755524
444,23413.846901633522
445,29025.173014322918
446,17942.830889383953
447,19515.276114935892
448,16094.802954673767
449,23543.84136827257
450,15405.385706505409
451,19851.88105030549
452,25310.64037146935
453,24604.396777832033
454,18214.473340576173
455,26006.515787760418
456,37277.652514648435
457,18230.707396081612
458,13969.463599650066
459,10635.91087685862
460,11656.009059270224
461,12127.850460757116
462,6344.835907488238
463,9165.06615576806
464,7086.0620500488285
465,4331.891416137695
466,4376.815204122792
467,4475.305232055664
468,13228.67855834961
469,2565.910458679199
470,988.6258376159668
471,856.2754392700195
472,437.6925277709961
473,2728.534399383545
474,1635.5173916625977
475,1375.0446886444092
476,1084.235510406494
477,665.6177552947998
478,589.6694614562988
479,8865.239037363153
480,2283.8398007354735
481,2354.0869882958277
482,1895.8335477068124
483,3605.6119321625806
484,7785.659689399285
485,10859.726262207032
486,43811.90002441406
487,3186.1624494280136
488,8804.215577717068
489,13127.791211998981
490,7683.1025390625
491,18818.71725104837
492,14208.459347345133
493,15190.391630783965
494,8707.6152380741
495,17686.73950958252
496,24436.94950507669
497,18842.688362121582
498,25595.411358868634
499,19231.396717111133
500,22971.029296875
501,15340.684463418496
502,8629.521112738716
503,66855.1354437934
504,16430.744977678572
505,52586.00498453776
506,7997.281116832386
507,13347.698344494047
508,12262.46908569336
509,25497.93932861328
510,41273.74792480469
511,18755.217062557444
512,18637.656849048755
513,5232.363226996527
514,35108.28427734375
515,24204.700769042967
516,21673.47130237926
517,18598.826964943273
518,9077.15419921875
519,17651.17650511918
520,9624.117828967524
521,14799.021275111607
522,16020.832411545973
523,8966.343566894531
524,8549.071734260111
525,10105.270818536932
526,10780.003236782626
527,14600.10002055921
528,23250.40622182993
529,18546.96465433055
530,12517.205592564174
531,25840.553629557293
532,18482.272702817565
533,14115.363979867789
534,12225.938575006301
535,11244.153797767942
536,14086.690628616898
537,12059.484943317917
538,70686.42626953125
539,34417.10586734694
540,18079.53041821289
541,9918.744604138361
542,6831.850435913086
543,3600.098939819336
544,2989.4753419799804
545,1404.696246520996
546,623.969647644043
547,448.2778663635254
548,759.1949642120845
549,902.6183132595486
550,916.5797921457598
551,9097.81948852539
552,1623.3312992629185
553,606.3575775146485
554,19885.988730294364
555,6592.593169046579
556,11147.077135684716
557,15507.579642159599
558,8682.584045288086
559,14049.68956058126
560,10405.497599792481
561,5593.227290466309
562,7279.907119750977
563,11162.464344787597
564,9095.15243329793
565,8631.556288655598
566,12176.945110212053
567,11901.169312720205
568,9559.196146168428
569,8103.1706560660095
570,8349.977739032945
571,7275.373364257813
572,19410.10489633921
573,10578.108752441407
574,13739.969371073956
575,10353.015120583019
576,17166.79460486587
577,16130.422302246094
578,17619.987513388358
579,9638.040967987805
580,4505.1224143288355
581,15613.868458714978
582,10526.19379573494
583,9428.435064406622
584,14571.980521581507
585,15342.16951976103
586,14053.995592091182
587,15870.613883463542
588,9763.900774274554
589,13925.45169659515
590,18655.982021233973
591,12853.209257238052
592,11045.09022231329
593,10619.373019042969
594,5952.0815390625
595,3433.392071044922
596,3574.2215728759766
597,7459.886134338379
598,6558.670654296875
599,5627.717595153808
600,3461.2669773254393
601,2023.5905058383942
602,2983.7328059372394
603,5282.281449942753
604,4345.185484548715
605,1631.1542941006746
606,8595.708518509316
607,5493.987020263672
608,6236.719553436279
609,7919.855292426215
610,5760.70551443791
611,3073.761623331706
612,3175.845781915838
613,2705.395562550378
614,13838.497447620739
615,4640.843212846396
616,7711.545593261719
617,5537.053104498447
618,12775.866585867745
619,9131.601097593917
620,5505.854032021982
621,6117.3962736309695
622,8420.89204788208
623,9135.694166917066
624,8274.886093139648
625,8869.7018069108
626,9340.395336851781
627,9404.119431268602
628,11833.320328776043
629,11616.935221017884
630,5419.5495716441765
631,11699.931457519531
632,13304.766670040968
633,14686.195037841797
634,14310.630648075627
635,12974.49446144517
636,5400.6469163161055
637,18061.877716774165
638,8127.048599243164
639,11283.722282751283
640,12713.975692545573
641,9044.389123535157
642,16673.65212530839
643,12159.84186843346
644,17193.646682739258
645,15042.764374156057
646,6006.965087890625
647,9970.20556640625
648,13885.154003495929
649,9091.459955571772
650,15658.829973493304
651,11355.191323698853
652,9425.662969544877
653,7149.752540444428
654,10191.076424434268
655,10657.892747145434
656,9234.82595558537
657,6574.7671713867185
658,4333.046437249339
659,4462.03682008915
660,3183.644593383789
661,1915.7202087402343
662,1132.5742975050402
663,2405.4209637327244
664,2205.9128913879395
665,2089.082848083496
666,1261.9717428588867
667,911.0703996582031
668,1002.1266906738281
669,2981.2178428955076
670,496.5015880878155
671,1721.929952255249
672,1266.3869006271361
673,1139.2144451919867
674,1906.3265097481865
675,1370.0598942642212
676,986.5786213912963
677,1337.865940484475
678,1126.705008951823
679,3775.286590670362
680,5098.607343834567
681,2892.6090545654297
682,5273.930977844238
683,3329.709037322998
684,2487.958152709961
685,3938.7257530905986
686,3359.087142944336
687,2998.3593195264584
688,4047.7464474269323
689,3589.2759552001953
690,3898.7578041145393
691,3806.299509048462
692,2734.4644710964626
693,1456.0319610595702
694,1904.9518547058105
695,3205.193977040693
696,2066.6828981057192
697,2955.94528119992
698,3451.7600246522484
699,2477.0022540025307
700,2444.5026392310556
701,3024.0923108552633
702,2292.431776006171
703,3537.0772634922773
704,5132.230334472656
705,4728.873736572265
706,2792.6036403808594
707,1412.736472137451
708,1747.9300377887228
709,1998.461655389695
710,1316.0818252563477
711,1008.4415219116211
712,620.4115913027808
713,604.4053170013427
714,797.6577568969726
715,532.6832882385254
716,411.175473526001
717,236.76920528411864
718,131.38819284820556
719,233.65282093394887
720,1804.3113870741445
721,1551.968148205556
722,2416.660721719265
723,2642.1625070359974
724,5026.438297360442
725,8453.422603062221
726,3713.167511883904
727,5897.710000430837
728,5740.694773572556
729,6285.693927001953
730,2715.1636883279552
731,4966.544475511573
732,3595.0771073321907
733,6043.812357788086
734,7810.219627380371
735,4455.770429992675
736,5307.1845078901815
737,5207.4644446739785
738,3882.003434401292
739,5176.709189438238
740,5304.705159505208
741,3103.3183760209517
742,4297.000231512661
743,3290.0903564453124
744,2203.1222388857886
745,4841.4991455078125
746,5293.079124450684
747,3437.048650568182
748,5115.334084535257
749,4239.031005859375
750,3535.850207519531
751,4173.889774445564
752,3652.5926919555664
753,4002.0399835759945
754,2444.166136688232
755,1367.8467209541845
756,861.0755316925049
757,321.6949103317261
758,295.0272866592407
759,602.8814566726685
760,261.8458632545471
761,152.4579799385071
762,100.0268975906372
763,320.05956969110133
764,3417.6273834228514
765,922.5672596206665
766,352.51519944932727
767,975.81724168396
768,783.2985769577026
769,733.5095665540193
770,565.6441021438472
771,1252.9117800394695
772,826.8022347564697
773,392.51514224281794
774,1273.9512672424316
775,2088.623338487413
776,1231.4248917550751
777,2192.9558609895385
778,4856.505037943522
779,1216.9024725646973
780,976.0525282867684
781,1698.0882964023324
782,1763.905966337337
783,2555.7455178289456
784,3461.4526936627817
785,1911.5250267787287
786,2648.493173374849
787,2543.527986124492
788,2005.2474312527488
789,1411.7008570602961
790,2172.380266526166
791,1426.300298055013
792,1493.9866790771484
793,1787.7457724028227
794,1600.7209843406993
795,1263.6233887174237
796,1026.5624819641114
797,584.7365376118863
798,2431.282515970866
799,2426.111662307739
800,1280.7368863449096
801,829.7944240150451
802,1291.545066833496
803,532.6466979980469
804,685.434864654541
805,232.74958458725288
806,234.58094718917408
807,459.7978717803955
808,293.2275854072571
809,221.9482349405686
810,338.89003793525694
811,594.6431793494512
812,451.63798406991094
813,2372.0408131281533
814,714.4090922429011
815,546.2148092868281
816,1126.180605347092
817,1140.484389623006
818,1121.8447905559929
819,4415.9129076871
820,2275.482318531383
821,8466.25408630371
822,4095.491446206736
823,2677.3204803466797
824,2466.673517400568
825,2273.556135873946
826,2569.835160563763
827,2999.15427992079
828,4940.8358189174105
829,4903.628022043328
830,2900.9719518025718
831,3285.1833013916016
832,3459.426217651367
833,4197.348719362352
834,1860.4280605316162
835,2932.4335795182446
836,4917.229504460874
837,3954.6186456853693
838,2464.1184735979355
839,3754.9990978792225
840,3515.6610453923545
841,2151.88962542216
842,2758.2633278042663
843,3076.136095548931
844,2902.5491544283354
845,3165.777399698893
846,3062.8849073733136
847,2125.695592166813
848,1624.8904868152654
849,1427.8219559218858
850,1376.1684549649556
851,1629.150208031571
852,1935.346306501116
853,1651.1619973989634
854,1470.7423272344279
855,993.5790243305144
856,948.557186439389
857,846.4388022155762
858,490.9070113067627
859,257.2821026611328
860,185.15566928067312
861,339.23012258595435
862,88.9987735748291
863,845.9590399131774
864,581.4386671657562
865,382.85626317596433
866,175.8451990041327
867,185.8574404943557
868,135.84494788448015
869,585.3808926067352
870,503.1249623413086
871,91.03492312961154
872,463.1593655236333
873,1401.4497077941894
874,140.29214054107666
875,1034.2969190066622
876,626.9091053619385
877,460.232799911499
878,473.3076835708618
879,335.21865687179564
880,65.12205723575924
881,120.5951733155684
882,115.95517981910706
883,92.37645904834454
884,233.2630687027334
885,232.72435049915313
886,419.0907320542769
887,243.63407306098938
888,83.69849300384521
889,249.07386600999405
890,430.18413193151355
891,296.5770271637223
892,1594.6885945002239
893,1825.4542554554187
894,350.8284616470337
895,797.721208610157
896,1196.436799269456
897,1050.1807757786341
898,474.1137362098694
899,532.3573694229126
900,572.7192202426927
901,332.3557115802765
902,261.9972195011352
903,217.19341993522644
904,384.2150335636139
905,254.07026214599608
906,339.9979813988059
907,501.161554280567
908,605.7329999778166
909,346.36115723800657
910,1960.9775409698486
911,332.32769832611086
912,753.263488345676
913,1773.3808398246765
914,653.6320148925781
915,451.0984280283858
916,403.28637726759825
917,376.79215850830076
918,345.4344556770325
919,507.45559866163467
920,354.5379228591919
921,319.18919706726075
922,114.0425483417511
923,75.19205284786224
924,48.81349570116551
925,104.95852261357963
926,600.708497267503
927,96.61684929240833
928,159.56982747713724
929,132.0908052452973
930,158.53761761966237
931,282.8349398382779
932,282.1484692881379
933,197.65455466565993
934,249.21949513753256
935,202.12416852906694
936,194.60204860000013
937,516.1640868705252
938,543.84040022956
939,432.1459452133179
940,369.8733832206726
941,166.76426219940186
942,1504.7227644486861
943,889.5264230600993
944,564.0890816025815
945,542.1728447037514
946,996.523297627767
947,825.7564500526146
948,333.55670859596944
949,912.3791198730469
950,1794.253662109375
951,1238.2543167114259
952,803.5815554428101
953,600.8601718243258
954,255.6678918950698
955,546.9975996613503
956,545.8829566955567
957,519.3537624034476
958,1952.0608978271484
959,1145.9967963478782
960,1656.617411295573
961,479.4673396519252
962,778.7476493433902
963,677.5310160500662
964,519.6802556915284
965,661.8177272572237
966,331.37274020651114
967,406.9289320602417
968,288.32095639801025
969,376.4024085998535
970,231.62882659912108
971,148.59829292869568
972,50.54480716133118
973,24.67546767091751
974,31.873315475203775
975,106.47918098920012
976,233.80976659834047
977,152.13104230601613
978,316.036338095665
979,263.8990770530701
980,279.59624827194216
981,234.39018083572387
982,294.55677800269643
983,40.39949052984064
984,152.6800507736206
985,145.9914243478775
986,25.217990466526576
987,222.96410715579987
988,170.74493937781364
989,270.2005372495733
990,91.82143700122833
991,320.22161316871643
992,267.0005766207033
993,191.45093671792944
994,153.77332681527167
995,172.24803839789496
996,167.59863185882568
997,124.57930548858643
998,373.44787020910354
999,92.21144804989335
1000,101.3734783759484
1001,122.90783945465088
1002,54.106546557426455
1003,37.664485136667885
1004,44.65649423599243
1005,101.58891400146484
1006,51.37979701437601
1007,83.54706241130829
1008,58.23191420237223
1009,174.00124391294875
1010,120.5690946890929
1011,233.93896674714694
1012,236.21050965070725
1013,173.8582852193754
1014,120.97413704612039
1015,234.7783909511566
1016,77.10836769580841
1017,60.18298767491391
1018,138.04031867636945
1019,195.86667631816863
1020,182.49724758995904
1021,162.26187838360482
1022,184.23104623794555
1023,51.1087364692688
1024,49.410470962524414
1025,88.9697475787167
1026,86.77372168832355
1027,57.75375248336792
1028,32.95886311197281
1029,18.99239115715027
1030,157.935778056874
1031,44.879691695690155
1032,11.451590895652771
1033,39.61051296520233
1034,35.948033040046695
1035,34.85447084052222
1036,28.329428404569626
1037,36.4990109205246
1038,144.5093034397472
1039,105.9989635679457
1040,169.56204528278775
1041,92.90605943584443
1042,97.37811108398438
1043,130.90004994319037
1044,81.55208964772552
1045,62.97495747518539
1046,61.550585951916005
1047,50.106935065746306
1048,33.41296445274353
1049,54.89586784707945
1050,191.60882949829102
1051,63.57632501268387
1052,75.07902306556701
1053,36.59806786966324
1054,22.84220097208023
1055,9.23018692922592
1056,6.759579581737518
1057,4.8211802542209625
1058,36.45158588201806
1059,31.46790173625946
1060,29.677762445926668
1061,24.0416019146259
1062,10.097010997625498
1063,103.78586854624749
1064,66.6727086033821
1065,36.845394325971604
1066,28.51237628195021
1067,52.44665305399895
1068,16.415812827825548
1069,6.727921484231949
1070,8.119444608688354
1071,60.3369729074526
1072,38.78127550951072
1073,39.75585610525949
1074,96.61125513172149
1075,92.73611439399
1076,106.03132469870827
1077,99.66373690790381
1078,108.78681114538392
1079,143.04472511693052
1080,54.19939209433163
1081,93.3977735496429
1082,58.82326126098633
1083,121.76329384988813
1084,115.38295805549622
1085,173.8969170497014
1086,111.44598637390136
1087,85.58429836139344
1088,116.05038768100738
1089,88.30091558504104
1090,38.10723334407806
1091,57.686379119873045
1092,7.66648354795244
1093,41.234334739923476
1094,43.63242598013444
1095,47.0400939245224
1096,134.30602025985718
1097,437.5631296396256
1098,167.28250039100647
1099,519.6694064893221
1100,119.40420021902122
1101,114.20621780838285
1102,183.38414986515045
1103,51.99255718904383
1104,223.56297827854218
1105,123.42022185629986
1106,222.291191523054
1107,185.80589387757436
1108,138.37667403411865
1109,100.67494635105133
1110,68.48534853562064
1111,110.21774678519277
1112,132.5180188814799
1113,73.00507024270911
1114,67.58221560776836
1115,63.602616119734094
1116,71.14947119355202
1117,59.17235088443756
1118,31.810617561340333
1119,37.28411865234375
1120,48.09807001018524
1121,18.364459429740904
1122,6.876110739178127
1123,36.47265051677823
1124,39.67751067328453
1125,27.390344176973617
1126,61.23956458973885
1127,19.51167929649353
1128,16.86480911365196
1129,19.98001828627153
1130,36.59482467014517
1131,55.49150283863208
1132,40.40220127555088
1133,40.97988009554491
1134,9.207069456577301
1135,83.34212509476312
1136,87.55877012832492
1137,86.41877266171042
1138,57.471370666526084
1139,81.25764306362082
1140,104.92987246830063
1141,53.96125743030447
1142,4.9505559470918445
1143,168.50867850865637
1144,169.25890022881177
1145,116.07760549202943
1146,149.48406757466933
1147,366.701491876082
1148,152.13116283740027
1149,214.62150999144012
1150,213.6214549571653
1151,167.53716823789807
1152,307.4875390023896
1153,281.90474128723145
1154,337.94920694828033
1155,244.98167277605106
1156,230.14586177625154
1157,189.54706779393283
1158,431.32378823416576
1159,175.14448396364847
1160,156.7480339776902
1161,196.1774231487552
1162,294.86064301596747
1163,199.72191677922788
1164,207.5136840654456
1165,158.27210661293805
1166,356.4054837036133
1167,238.46667783910578
1168,315.435454305013
1169,234.52717899168977
1170,215.5015119619705
1171,225.5834696955151
1172,223.83812022583646
1173,137.3573496017456
1174,66.45605549907684
1175,41.660216240882875
1176,26.745468827823224
1177,22.07909403371811
1178,13.875473433971406
1179,5.4435870885849
1180,350.15773153305054
1181,63.381034177541736
1182,103.2735473588109
1183,112.42654510259628
1184,45.12073193887203
1185,111.32490881943703
1186,65.08781009033078
1187,114.79527936500051
1188,23.027526597181957
1189,97.10516961492024
1190,116.14060252976418
1191,61.45847367811203
1192,54.331754656248194
1193,69.65656373021324
1194,99.82409999177263
1195,62.22116037511825
1196,203.04255750444202
1197,48.53643242073059
1198,21.18158856305209
1199,195.6706223487854
1200,193.96737302144368
1201,173.85937948884634
1202,91.1102630061488
1203,85.81517117786407
1204,84.5311920223814
1205,99.11007614412169
1206,89.91717973727624
1207,78.96059678948444
1208,323.14254224300385
1209,72.75434902532777
1210,134.94499033550883
1211,202.50227798115122
1212,243.3584471615878
1213,162.06270162548338
1214,160.74996650068067
1215,181.60429055516312
1216,220.51714788164412
1217,195.83376039358285
1218,211.9011825720469
1219,229.50625645672832
1220,291.7009261449178
1221,201.5881319642067
1222,154.99287936372576
1223,174.10412216186523
1224,154.79570174752328
1225,110.74549264717102
1226,79.42050999576605
1227,56.00074548772312
1228,56.85266419188283
1229,45.530974547068276
1230,139.8326221193586
1231,40.80605713674955
1232,45.59782565536151
1233,40.422882012112645
1234,37.6978458516738
1235,41.306555980682376
1236,41.594610835230625
1237,41.202577366548425
1238,41.20806255340576
1239,30.002764573097227
1240,24.07533926010132
1241,16.399865443229675
1242,15.170612335205078
1243,11.956626604557037
1244,9.713651561737061
1245,8.229654203176498
1246,4.513197156099173
1247,4.10718711233139
1248,2.726779772102833
1249,1.9651023392081262
1250,2.4210355015397074
1251,2.1831089373230936
1252,1.41946774461995
1253,23.086686011075972
1254,19.945730309069155
1255,24.367746065542537
1256,18.96816798205107
1257,46.57349328513329
1258,5.366580684979756
1259,132.4608763782978
1260,59.648058506011964
1261,50.3169639342361
1262,282.3400190141466
1263,30.885465058036473
1264,33.20367210149765
1265,17.420062920570373
1266,17.120331183075905
1267,37.39712112247944
1268,33.37584567425856
1269,12.215178430080414
1270,80.46397898435593
1271,53.20960956861993
1272,30.85428680419922
1273,9.952456593513489
1274,23.070004596429712
1275,34.199925459713576
1276,33.480881445884705
1277,77.33892514705659
1278,14.626901631832123
1279,58.40690408371113
1280,33.00306690004137
1281,16.63697556424141
1282,13.158376713514327
1283,5.957161346435547
1284,4.750353934288025
1285,2.7336236354112624
1286,2.0732654104232786
1287,1.6814568693637848
1288,3.2259915864358755
1289,5.452097806063565
1290,6.069698519706726
1291,46.34590433543921
1292,5.18225337266922
1293,332.74712985754013
1294,100.17631356573105
1295,15.213012099266052
1296,51.60254119515419
1297,37.727048331358304
1298,95.3018749110839
1299,87.84623192676476
1300,121.33507224570873
1301,206.68575236376594
1302,13.494697451591492
1303,99.47658790902393
1304,28.7530552817554
1305,116.72598658302637
1306,141.4056890408198
1307,110.19593396868025
1308,90.42818049664767
1309,57.94372042742643
1310,80.44325275854631
1311,44.26425342261791
1312,46.477026953989146
1313,53.03341324475347
1314,118.74609449174669
1315,27.948794460296632
1316,36.39888555353338
1317,64.02845322205717
1318,60.33430738449097
1319,57.49656548894438
1320,40.424569216641515
1321,42.76078733391718
1322,45.18384703467874
1323,112.48415393829346
1324,58.963858092625934
1325,66.73504795053954
1326,40.26375083421406
1327,39.20950982787392
1328,99.93653066953023
1329,83.07716612382369
1330,85.98905754089355
1331,86.71032851675282
1332,89.5942224444765
1333,61.45888523433519
1334,77.06803304577305
1335,104.67605579067283
1336,85.03955019388768
1337,66.69921800141694
1338,138.65122644291367
1339,81.46103784454739
1340,60.117692792892456
1341,41.566109816233315
1342,20.664267246539776
1343,43.05920486450195
1344,86.26494630177815
1345,50.46173731684685
1346,49.46000067247163
1347,80.02987174987793
1348,23.593936584472655
1349,27.79762994952318
1350,31.373365910847983
1351,50.95418360110799
1352,33.105809359745464
1353,19.830068400859833
1354,23.55490599738227
1355,16.112032024383545
1356,21.955292383829754
1357,12.666070683956146
1358,11.2132828476429
1359,6.136704236865044
1360,5.018594082832337
1361,4.755713289499282
1362,1.606509684383869
1363,1.4980756675302982
1364,1.8547420369254217
1365,19.353445027467856
1366,35.72531092083454
1367,17.260491519212724
1368,23.455219905138016
1369,83.98658881187438
1370,23.559691123485564
1371,2.9798153415322304
1372,11.342727426460812
1373,41.743809120522606
1374,9.02000512017144
1375,8.696504248513115
1376,6.469854146242142
1377,34.48219786763191
1378,18.645867193222045
1379,11.80255958199501
1380,5.665105113616357
1381,21.6525797035658
1382,97.66214110634543
1383,21.56841658312699
1384,55.30439322335379
1385,35.4559389687421
1386,25.338942411058238
1387,47.22403999964396
1388,13.252930503368377
1389,15.863523235640574
1390,15.97206860780716
1391,17.472685960769653
1392,15.046861290931702
1393,8.777323420842489
1394,20.907359426671807
1395,15.32814508676529
1396,14.544324136257172
1397,6.9432258080244065
1398,4.29165073803493
1399,4.452613265275955
1400,3.9477325205802916
1401,1.7645869195461272
1402,1.5273900643587113
1403,1.1352357839345932
1404,0.8487675426900387
1405,0.7338178090751171
1406,0.6409032585322857
1407,0.5679310994843642
1408,0.8964977074753154
1409,8.244352744221688
1410,4.001922775900463
1411,5.688262953255021
1412,7.992974946379662
1413,6.976276431262493
1414,1.4296313987837896
1415,24.417269850446935
1416,21.100830198287962
1417,26.78218322992325
1418,20.809676451720396
1419,13.168459666050133
1420,6.546609637022018
1421,4.4623927364349365
1422,8.352280963550914
1423,7.843401970982551
1424,2.5079274654388426
1425,17.67901119554043
1426,4.5268234146965876
1427,28.10579456274326
1428,23.86994515271055
1429,29.370455503463745
1430,14.580226150035859
1431,7.172936790129718
1432,26.667766859656886
1433,26.456332928299904
1434,10.590249982747165
1435,12.374759262258356
1436,11.21535880947113
1437,11.266202362470848
1438,12.046523064374924
1439,10.939767968654632
1440,10.433114270091057
1441,15.46094491481781
1442,8.688752559304238
1443,3.1633878871202468
1444,2.87690898216782
1445,26.01247070580721
1446,45.33985787630081
1447,16.05362587213516
1448,8.586804008960724
1449,7.2396674906611445
1450,1.7503267288208009
1451,1.8557173675960965
1452,3.386224224150181
1453,5.495574891030788
1454,6.364129871964455
1455,2.991052748978138
1456,2.8073965247869492
1457,1.8039861465096474
1458,1.3161387083530427
1459,1.3341816266377766
1460,3.1395051649638583
1461,25.720187162232786
1462,8.308293822820165
1463,5.194776227076848
1464,8.76046375453472
1465,34.63594050840898
1466,4.182607332865397
1467,19.50806507241726
1468,18.896469480752945
1469,18.945512507289777
1470,18.49581028490231
1471,10.924135249376297
1472,16.119694653310273
1473,14.860694699466228
1474,37.61278215050697
1475,96.055435359478
1476,24.17039750968828
1477,33.055670414812425
1478,20.47202147046725
1479,37.0516018003804
1480,32.231841805934906
1481,26.27917037796974
1482,15.57058769083023
1483,4.489043073534965
1484,3.1857295862227812
1485,8.256449655175208
1486,5.736979469656944
1487,10.750735777020454
1488,19.678748752832412
1489,12.425639583826065
1490,15.200382950086167
1491,8.428133952856063
1492,4.262457761287689
1493,2.601053085923195
1494,2.2971048563585152
1495,5.655879635077256
1496,9.614767011046409
1497,3.9130602615475656
1498,3.4868704189658164
1499,3.2311965125203135
1500,2.4026787925334205
1501,3.6516700533032416
1502,2.830348109424114
1503,1.603882878303528
1504,2.200430009007454
1505,1.0919209420681
1506,1.107839561171002
1507,20.714431468337775
1508,11.421120747566222
1509,8.636739681164423
1510,29.63465670484399
1511,25.85985935103893
1512,17.680905910655582
1513,88.42243964672089
1514,7.0915305614471436
1515,13.60832635043324
1516,12.371567893859952
1517,12.74533009961728
1518,15.225155295303889
1519,17.125672201514245
1520,12.751524103497996
1521,10.625727027654648
1522,19.637962109902325
1523,12.045288356145223
1524,10.280371939126974
1525,30.348447726323055
1526,18.73049219697714
1527,21.04233647386233
1528,14.056568911007796
1529,15.371200634373558
1530,11.646146216423682
1531,22.034622757862774
1532,21.429478225708007
1533,23.453752063993196
1534,18.12461444735527
1535,14.207022726535797
1536,26.538875222206116
1537,10.911867482185365
1538,10.895082890987396
1539,6.862708126664161
1540,4.147993302464485
1541,2.94276331448555
1542,1.1770812357366085
1543,0.8354024224579334
1544,1.3550921512974634
1545,3.772820258796215
1546,5.417657344698906
1547,3.881868482619524
1548,3.10026376157999
1549,0.8127114129960537
1550,0.6386844390928745
1551,0.4825508798211813
1552,0.36489302580058575
1553,0.36474797686934474
1554,0.22739355266094208
1555,6.736694344557821
1556,0.7430624321103096
1557,17.611869959965347
1558,5.0469386731386185
1559,4.646189318582415
1560,0.9232572014480829
1561,0.612066551193595
1562,0.7266843497753144
1563,2.1070080641946642
1564,2.2706942500472067
1565,3.7016237854361536
1566,7.8312612984084735
1567,5.390243265539408
1568,2.7252393536865713
1569,1.4662781231028517
1570,2.5495327309668063
1571,6.235472492679787
1572,3.07328895231088
1573,7.9866735452860596
1574,7.8342778643369675
1575,9.828582131995095
1576,4.003376353532076
1577,5.697193456192811
1578,7.063989898278599
1579,7.6880279757380485
1580,4.451563049563103
1581,6.090382396890326
1582,6.874621886410107
1583,15.758088099864102
1584,15.089452123591132
1585,8.18038883746839
1586,12.61128855606295
1587,34.24339526229434
1588,33.993015034331215
1589,16.241039400670065
1590,11.566943912506103
1591,7.132487721562385
1592,4.355161363720894
1593,2.5331575257480146
1594,0.6558631234914064
1595,0.5959196448326111
1596,0.5417941510677338
1597,20.33175449107768
1598,8.071677459180355
1599,16.286138366569173
1600,6.340049412965775
1601,5.8935509942313455
1602,4.116268969514083
1603,6.550690687619722
1604,6.463306807269354
1605,7.435663084279407
1606,4.019854256510735
1607,6.885999878247579
1608,12.175700075698622
1609,15.089352477319313
1610,10.035395377137688
1611,10.775042152166366
1612,8.682053158760072
1613,4.205323293507099
1614,3.340687153160572
1615,1.2890764178335667
1616,1.1595608440935612
1617,0.9037568562924861
1618,0.8435137498676777
1619,1.8417954593896866
1620,6.614675888866186
1621,3.446836555272341
1622,2.7244124954397027
1623,5.462499275803566
1624,6.709788633942604
1625,9.51977761721611
1626,9.703148191094398
1627,6.660228279232979
1628,1.0267815341949462
1629,0.6220890564322472
1630,0.5772986987233162
1631,0.6752257719635963
1632,1.0047068463431463
1633,17.195870322485764
1634,14.782458746135235
1635,1.8137748787800472
1636,1.0505825739640455
1637,2.933834440567914
1638,3.9206756843460933
1639,9.028526464045047
1640,11.776389573395253
1641,9.610082669198514
1642,8.522680854976176
1643,1.196509119451046
1644,0.9064877732992173
1645,0.8423851393163204
1646,0.6455678215026855
1647,0.6112591721266508
1648,0.9060515463352203
1649,10.269232597470284
1650,2.2035868418067692
1651,0.3073200521369775
1652,4.463004729457199
1653,2.4284644243249924
1654,6.846126391097903
1655,5.1483860294084725
1656,9.592523887093986
1657,12.27426774288616
1658,5.022919535636902
1659,44.34507279098034
1660,13.497485163693245
1661,12.309953526420108
1662,14.907610138257345
1663,11.856184468847333
1664,19.058876363277435
1665,13.555279598593712
1666,7.995906053841114
1667,1.27260095339555
1668,5.62648519974947
1669,1.1922978690564632
1670,1.3251073676205816
1671,2.450213392575582
1672,3.8263236366808413
1673,2.053526383370161
1674,2.5165873169898987
1675,2.5862851954065262
1676,4.71653251349926
1677,5.804564477153942
1678,4.597878370344639
1679,2.0169715666770935
1680,1.3018012177944183
1681,1.180213562875986
1682,0.40676331213116645
1683,0.31011560062567395
1684,0.3861278420090675
1685,0.14747093617916107
1686,0.6612124458932486
1687,0.8856472289189696
1688,0.677955277658999
1689,0.805948836222291
1690,0.6539409890472889
1691,0.30183380676640403
1692,2.1841936269551514
1693,0.7854015061110258
1694,0.828006756067276
1695,0.5955737282335758
1696,0.31489948389679195
1697,0.43653254210948944
1698,0.4828537136167288
1699,0.34170344768464567
1700,0.31588019390404226
1701,0.22245880389213563
1702,0.19329769547283648
1703,0.18216776102781296
1704,0.44846122594177723
1705,0.2554502213994662
1706,0.08095572143793106
1707,0.9185740714669227
1708,0.5211788172684609
1709,0.40978105247020724
1710,0.42612672393972223
1711,0.35733021698892115
1712,0.25002284548059106
1713,0.21996929289400577
1714,0.2572566283941269
1715,0.20864669247716666
1716,0.22210517352819442
1717,0.38618233808130026
1718,0.34268382338434455
1719,0.3220327763246889
1720,1.5825239611523492
1721,3.8506673262877897
1722,14.651669165607794
1723,1.09628489241004
1724,15.451100256553916
1725,8.769497817212885
1726,7.132956528294403
1727,9.05997908115387
1728,8.659927563796819
1729,9.156350742518901
1730,4.300951771348715
1731,3.3268281790614127
1732,0.8815684363543987
1733,0.3524286131064097
1734,0.4195516758337617
1735,0.31187996713072064
1736,0.2800678806975484
1737,0.30161224779486656
1738,0.17109762997180222
1739,0.12327426070204148
1740,0.35577747582644226
1741,0.641019236544768
1742,6.67754061200789
1743,36.406967186927794
1744,2.541522674202919
1745,4.748628985017538
1746,2.2852894041016696
1747,2.283777884453535
1748,0.3037054125517607
1749,0.24438690079748632
1750,0.30272383656766677
1751,0.2981852657265133
1752,2.8175038469210265
1753,0.6348689756095409
1754,0.1980966485359452
1755,1.0213285290002823
1756,3.157308558622996
1757,3.347417936406352
1758,1.2633164930674765
1759,2.0659492765665055
1760,0.7828628300763667
1761,4.0227050412107594
1762,4.387201757270557
1763,4.752063029578754
1764,31.236151918768883
1765,16.643989517500525
1766,3.6682973433943356
1767,5.363896991168787
1768,8.430039206682107
1769,7.357467611237328
1770,10.099196888632694
1771,18.984453424811363
1772,11.678170557108876
1773,10.283625783920288
1774,10.492184354733395
1775,33.20712324551174
1776,10.188457757762048
1777,8.911111832183986
1778,7.214929951786995
1779,7.9210152457521845
1780,8.1411219769054
1781,9.263372208390917
1782,9.21594512462616
1783,20.097807981967925
1784,10.797617561995983
1785,8.993086428344249
1786,5.516823709845543
1787,1.057313252590939
1788,2.243431107617087
1789,2.354120926697727
1790,2.2123505578637124
1791,1.8299724610447883
1792,1.7080684609413146
1793,1.4810821459591388
1794,0.43671913036704063
1795,0.41574212662875654
1796,0.4380941374434365
1797,0.4549445241689682
1798,6.298313749417662
1799,1.3267622905522585
1800,1.291112926363945
1801,10.168489300287687
1802,3.1067497673630715
1803,0.9200900439620018
1804,0.5834546788879063
1805,2.0152249368280173
1806,2.411002660791079
1807,2.062551489710808
1808,2.405237376689911
1809,1.655955772280693
1810,1.3617721007317305
1811,1.073707337066531
1812,1.097289842478931
1813,0.25976765601336954
1814,0.2785079319402575
1815,0.2444283271804452
1816,0.2380594858415425
1817,0.2040336133763194
1818,0.17245260812342167
1819,0.5281405784115195
1820,0.4081184099117915
1821,0.9330736240968108
1822,0.48706637870147823
1823,0.33793626805501326
1824,2.766900373192934
1825,7.2961559146642685
1826,0.7560145836882293
1827,0.1519543963174025
1828,0.6067979919910431
1829,0.3917806660756469
1830,1.1937244642898441
1831,2.3383709743618963
1832,1.2092349884659053
1833,1.0822500653341414
1834,1.3925767547860741
1835,0.39233962512761356
1836,0.21255941042304038
1837,1.5389488803652616
1838,1.6701367369719915
1839,4.302169181443751
1840,4.8627869283333425
1841,3.3414219754859804
1842,0.8769641727134585
1843,0.28256799280643463
1844,0.3560290299355984
1845,0.5561630057618022
1846,0.1891662072804239
1847,0.2567121163010597
1848,10.55547360641261
1849,6.086186636894942
1850,1.9695448658242822
1851,0.5742671998838583
1852,3.5017581559717654
1853,3.6714611110687256
1854,0.49476052502542733
1855,0.5642512819983743
1856,1.2557987597855655
1857,0.6245015327483415
1858,0.5128525487482548
1859,0.7538393112644554
1860,0.6908021966616312
1861,1.2713485926389694
1862,3.23438895855844
1863,2.2721203991836574
1864,2.990786060243845
1865,3.7609589164853094
1866,1.5928522364646196
1867,1.159005942940712
1868,1.1541734991165309
1869,3.6507737178980397
1870,3.124213944137096
1871,1.9498941089957953
1872,1.7637343215644359
1873,1.031698449395597
1874,0.23674786867946387
1875,0.22568269454821097
1876,0.7731168190389872
1877,0.7170357144996524
1878,0.6475798309892415
1879,0.48153738147765396
1880,0.2235075716227293
1881,0.18761235170066357
1882,0.20528727827966214
1883,0.20544456899911165
1884,0.22605095878243447
1885,0.38315358041599396
1886,0.28130449168384075
1887,0.7331916431859136
1888,0.7383836147636175
1889,0.7826695387562116
1890,1.1985325822010637
1891,1.0696862636134028
1892,3.185476701420087
1893,1.3760610671788454
1894,1.213599147580564
1895,1.0403365191370249
1896,0.8203510284088552
1897,0.14542828115075826
1898,0.11227132264152169
1899,0.12978664447180926
1900,0.11671601182967424
1901,0.13846847178414465
1902,0.1482276097945869
1903,0.11710092421621084
1904,0.19335881186028323
1905,4.462684861235321
1906,7.931755400620974
1907,3.9202834721878173
1908,8.92923782651241
1909,2.2576269966047255
1910,0.5444469419034088
1911,1.7895765145160258
1912,0.3819282588859399
1913,1.3911598744019866
1914,0.8876990315094591
1915,0.2539011687040329
1916,4.960613626193255
1917,1.5828323255597214
1918,1.4852786636626234
1919,1.4314802498884605
1920,1.796112897606827
1921,1.7944561306155469
1922,2.773737347140908
1923,9.506280589562197
1924,2.318384895012492
1925,2.676928478479385
1926,10.46950573367732
1927,7.376010337755794
1928,4.794882931292057
1929,7.5186261763939495
1930,2.167497083812952
1931,1.6574969632284982
1932,4.124284327030182
1933,1.3292638957500458
1934,1.4237122971277971
1935,4.715840092167258
1936,1.20227882578969
1937,0.8965920857191085
1938,0.34127908845742544
1939,1.7594253251949945
1940,0.41576721387750964
1941,1.1862459727525712
1942,0.4288342348486185
1943,0.4751125879362226
1944,0.3278486058115959
1945,0.48205899909883737
1946,0.2080216302201152
1947,1.6786019195020199
1948,0.4640921271443367
1949,0.253936689786613
1950,0.5016160799811283
1951,0.3085493566393852
1952,0.25900314752012493
1953,0.23199435997009277
1954,0.21082235919311643
1955,0.43862376511096957
1956,0.17735473882220684
1957,0.18209595961309968
1958,0.14700115871801972
1959,0.12767323543690146
1960,0.11072305701673031
1961,0.233588951818645
1962,0.15176525684446096
1963,0.08703402802348137
1964,0.636022194288671
1965,0.43946767461299896
1966,0.25900047018378974
1967,0.3131671898066998
1968,5.758725333668291
1969,3.6037043477445843
1970,2.201801329083741
1971,1.588262798383832
1972,0.3881460117797057
1973,1.160140849404037
1974,0.49775261845262275
1975,4.008151109492968
1976,48.072926883896194
1977,8.789216291874647
1978,13.183553816641078
1979,8.960243734609149
1980,12.774047304729098
1981,20.93280276501408
1982,16.833670973002093
1983,16.232879036489656
1984,17.437385438654857
1985,12.818395208808738
1986,21.785915453851224
1987,13.784891727742497
1988,12.657689742315775
1989,7.970730962844995
1990,3.8816316245180187
1991,9.92216678553698
1992,10.631396821216692
1993,12.889282941818237
1994,7.49681704556942
1995,5.302030083537102
1996,3.4502780305014715
1997,11.378562169863006
1998,6.002688889145851
1999,2.6946961885392664
2000,2.5434659709334375
2001,1.2782115862816572
2002,0.3531824126839638
2003,1.2902663212314427
2004,2.6890263519361617
2005,2.1558942471519114
2006,0.31722024579842883
2007,6.145921809747815
2008,14.633352542916933
2009,4.606136721931398
2010,0.46117450509752544
2011,0.3271898610724343
2012,2.5762161309830844
2013,4.0054118877107445
2014,4.961913047030568
2015,1.9708707800933294
2016,2.221494127313296
2017,1.667483529696862
2018,3.1231264428546033
2019,4.696521196722984
2020,4.5124701389476005
2021,4.907224319219589
2022,3.1732341444918086
2023,2.1213590264320374
2024,2.1605385285913945
2025,1.1861521975696088
2026,10.94879622544561
2027,13.724820880591869
2028,3.5342734515666963
2029,6.516099180057645
2030,5.8677640027470055
2031,4.898466172330082
2032,4.8917351476848125
2033,3.6435070624053476
2034,2.6257684032122293
2035,1.6658584952354432
2036,4.600664755836129
2037,1.769702561930114
2038,1.1307892480066843
2039,2.7636343398913343
2040,3.5852356131076815
2041,4.447795136408373
2042,5.720469316302074
2043,4.634096107065678
2044,2.062775533932906
2045,7.256473677498954
2046,9.033968799471856
2047,46.978779792785645
2048,6.938290057680275
2049,2.6208056956529617
2050,2.846378743648529
2051,2.2748212019602456
2052,6.071598918584503
2053,7.641491428613663
2054,3.775488902926445
2055,3.2331707138717176
2056,1.1965934635400772
2057,0.3250835869163275
2058,0.29213862730698154
2059,0.4659347960725427
2060,0.40947486021369695
2061,0.32753078887611625
2062,0.45497092412412166
2063,0.2090767802596092
2064,0.1761604199806849
2065,2.960673700131476
2066,1.290998396774133
2067,1.5778464977666735
2068,1.262479732647538
2069,0.7363829333223403
2070,0.7197117539830505
2071,0.11863682691752911
2072,0.11133955420926213
2073,0.12341131285950542
2074,0.16570013910531997
2075,0.2191163417365816
2076,4.893063233859837
2077,13.00140364178353
2078,3.306663125846535
2079,8.478490520268679
2080,5.03080015565455
2081,3.850635947033763
2082,4.238441059730947
2083,16.428466688184177
2084,0.8782995641231537
2085,9.95107549443268
2086,2.4449076904952527
2087,1.6852415768802167
2088,2.0610306701969865
2089,2.9070128344676713
2090,5.786216224730015
2091,3.706985758532078
2092,2.755012219412285
2093,2.938689943353335
2094,3.833710307336372
2095,0.869389275709788
2096,3.832942523509264
2097,2.7376758930385114
2098,3.14572191616384
2099,2.380810097515583
2100,1.9425663198926486
2101,3.4000946304627826
2102,5.72784593808651
2103,2.929123153567314
2104,4.074686141222715
2105,3.353125520452857
2106,0.61058856138587
2107,0.8185734351476034
2108,0.8560510352104902
2109,0.9199374571740627
2110,0.9905087559521198
2111,0.7015910892486572
2112,0.33118380016833543
2113,0.31748693737387657
2114,0.21816754066944122
2115,0.1390448655858636
2116,0.11406396619147724
2117,0.2376848289258778
2118,0.20172883223742247
2119,0.2228482584133744
2120,0.17591561951115728
2121,0.11532344646379351
2122,0.09065445875003934
2123,0.16651273093745111
2124,0.20880700937658547
2125,0.16216743950545787
2126,0.18366058791677156
2127,0.7846788730133664
2128,0.25367135215889325
2129,2.1444512570276855
2130,1.6486384343206884
2131,1.1256453631743788
2132,0.5365704677924514
2133,0.1623035619445145
2134,0.12040792601183056
2135,0.25977498243252434
2136,0.23640409216284752
2137,0.16457358837872743
2138,0.15194870662875473
2139,0.20176731467805803
2140,0.1435505524277687
2141,2.8686340049915016
2142,0.3062345289314787
2143,7.807274193940513
2144,12.641281482994556
2145,9.421217672932642
2146,10.192933061420918
2147,15.926269224511003
2148,9.471171724200248
2149,3.0590311956107614
2150,2.866247621449557
2151,6.340214941233397
2152,2.2661023334264754
2153,2.7092197160971794
2154,4.1331422366797925
2155,3.668492705851793
2156,0.5547241976386622
2157,5.964018286362291
2158,7.218226145494443
2159,6.260678630128503
2160,5.561640384763479
2161,4.426165469765663
2162,4.1467920003533365
2163,0.4214402186572552
2164,0.3466126204431057
2165,2.2069422887130217
2166,1.2002891606539488
2167,0.7959756858646869
2168,0.4354394719675183
2169,0.433000897988677
2170,1.1007021551281213
2171,0.5044356063827873
2172,0.2572358038276434
2173,0.28298262982070443
2174,0.16646566470339894
2175,0.17125186404958367
2176,0.18641844268888236
2177,0.18736151310801505
2178,0.1559893758147955
2179,0.5626671529914203
2180,0.5112645202316344
2181,0.2688824249189347
2182,0.3518156754113734
2183,0.28729738799482585
2184,0.28574442050673743
2185,0.3722127937786281
2186,0.3172745546326041
2187,5.506232950560749
2188,2.470319786697626
2189,1.7348684106837027
2190,3.1144646210166123
2191,8.45812843406671
2192,3.5214003197550774
2193,0.6973696514964104
2194,33.115580610538785
2195,6.878053911790252
2196,3.0385529845058916
2197,2.4394983110576867
2198,1.7277040819227696
2199,0.4523074769923135
2200,1.0464783741533756
2201,0.9452371199925741
2202,4.068466514348984
2203,5.579205894365907
2204,8.323803978972137
2205,0.4711180552840233
2206,9.884697624325753
2207,4.429629253149033
2208,5.988010829236327
2209,4.495708811998368
2210,1.902348775446415
2211,1.1862032254636288
2212,0.6123006418347359
2213,0.9557897206917405
2214,0.3399936687797308
2215,0.36548188151419164
2216,0.3758104022430337
2217,0.8390480117127299
2218,0.4644658867046237
2219,1.1611847896128893
2220,22.677294644025658
2221,3.546827651821077
2222,6.501551986753941
2223,4.293420724987984
2224,6.729294598155286
2225,1.5826665878295898
2226,11.429515399038792
2227,9.906896443329227
2228,5.878246882390753
2229,12.885037561332373
2230,16.301161398152704
2231,10.599099139330415
2232,38.3627515733242
2233,18.00505297439439
2234,11.112012388322178
2235,14.113310665170722
2236,17.456494832038878
2237,10.812658574342727
2238,6.767963534176349
2239,5.248966305889189
2240,4.514807065327962
2241,3.704678089141846
2242,1.6492361887693405
2243,3.101930194430881
2244,3.549138424128294
2245,1.1907280385494232
2246,2.2475753775388
2247,1.1346527682989835
2248,0.5865750908851624
2249,1.2341771239489316
2250,0.5683111670017242
2251,0.4957362303510308
2252,0.3643816575407982
2253,0.20268802344799042
2254,2.7070878085047005
2255,1.165163551941514
2256,1.0679395073205233
2257,1.1462274202778935
2258,0.22438481014966966
2259,0.21098302315175532
2260,10.2050447506564
2261,0.34829844534397125
2262,0.4790143022934596
2263,0.17616987526416777
2264,4.65591624379158
2265,3.319584661848843
2266,1.1562379986941815
2267,1.0891375451758505
2268,1.278965074405074
2269,0.3254240283370018
2270,0.3388792726711756
2271,1.2666064628532954
2272,1.2235220915675162
2273,0.9894383743405342
2274,1.1259806855395436
2275,0.20709847584366797
2276,2.9269596370235087
2277,1.3810739786550403
2278,0.7536754374206066
2279,0.9099756977930665
2280,2.1125788417831064
2281,0.21433778256177902
